county_name,state_name,population19
Autauga,alabama,55869
Baldwin,alabama,223234
Barbour,alabama,24686
Bibb,alabama,22394
Blount,alabama,57826
Bullock,alabama,10101
Butler,alabama,19448
Calhoun,alabama,113605
Chambers,alabama,33254
Cherokee,alabama,26196
Chilton,alabama,44428
Choctaw,alabama,12589
Clarke,alabama,23622
Clay,alabama,13235
Cleburne,alabama,14910
Coffee,alabama,52342
Colbert,alabama,55241
Conecuh,alabama,12067
Coosa,alabama,10663
Covington,alabama,37049
Crenshaw,alabama,13772
Cullman,alabama,83768
Dale,alabama,49172
Dallas,alabama,37196
DeKalb,alabama,71513
Elmore,alabama,81209
Escambia,alabama,36633
Etowah,alabama,102268
Fayette,alabama,16302
Franklin,alabama,31362
Geneva,alabama,26271
Greene,alabama,8111
Hale,alabama,14651
Henry,alabama,17205
Houston,alabama,105882
Jackson,alabama,51626
Jefferson,alabama,658573
Lamar,alabama,13805
Lauderdale,alabama,92729
Lawrence,alabama,32924
Lee,alabama,164542
Limestone,alabama,98915
Lowndes,alabama,9726
Macon,alabama,18068
Madison,alabama,372909
Marengo,alabama,18863
Marion,alabama,29709
Marshall,alabama,96774
Mobile,alabama,413210
Monroe,alabama,20733
Montgomery,alabama,226486
Morgan,alabama,119679
Perry,alabama,8923
Pickens,alabama,19930
Pike,alabama,33114
Randolph,alabama,22722
Russell,alabama,57961
St Clair,alabama,89512
Shelby,alabama,217702
Sumter,alabama,12427
Talladega,alabama,79978
Tallapoosa,alabama,40367
Tuscaloosa,alabama,209355
Walker,alabama,63521
Washington,alabama,16326
Wilcox,alabama,10373
Winston,alabama,23629
"Aleutians East Borough,",alaska,3337
"Aleutians West Census Area,",alaska,5634
"Anchorage Municipality,",alaska,288000
"Bethel Census Area,",alaska,18386
"Bristol Bay Borough,",alaska,836
"Denali Borough,",alaska,2097
"Dillingham Census Area,",alaska,4916
"Fairbanks North Star Borough,",alaska,96849
"Haines Borough,",alaska,2530
"Hoonah-Angoon Census Area,",alaska,2148
"Juneau City and Borough,",alaska,31974
"Kenai Peninsula Borough,",alaska,58708
"Ketchikan Gateway Borough,",alaska,13901
"Kodiak Island Borough,",alaska,12998
"Kusilvak Census Area,",alaska,8314
"Lake and Peninsula Borough,",alaska,1592
"Matanuska-Susitna Borough,",alaska,108317
"Nome Census Area,",alaska,10004
"North Slope Borough,",alaska,9832
"Northwest Arctic Borough,",alaska,7621
"Petersburg Borough,",alaska,3266
"Prince of Wales-Hyder Census Area,",alaska,6203
"Sitka City and Borough,",alaska,8493
"Skagway Municipality,",alaska,1183
"Southeast Fairbanks Census Area,",alaska,6893
"Valdez-Cordova Census Area,",alaska,9202
"Wrangell City and Borough,",alaska,2502
"Yakutat City and Borough,",alaska,579
"Yukon-Koyukuk Census Area,",alaska,5230
Apache,arizona,71887
Cochise,arizona,125922
Coconino,arizona,143476
Gila,arizona,54018
Graham,arizona,38837
Greenlee,arizona,9498
La Paz,arizona,21108
Maricopa,arizona,4485414
Mohave,arizona,212181
Navajo,arizona,110924
Pima,arizona,1047279
Pinal,arizona,462789
Santa Cruz,arizona,46498
Yavapai,arizona,235099
Yuma,arizona,213787
Arkansas,arkansas,17486
Ashley,arkansas,19657
Baxter,arkansas,41932
Benton,arkansas,279141
Boone,arkansas,37432
Bradley,arkansas,10763
Calhoun,arkansas,5189
Carroll,arkansas,28380
Chicot,arkansas,10118
Clark,arkansas,22320
Clay,arkansas,14551
Cleburne,arkansas,24919
Cleveland,arkansas,7956
Columbia,arkansas,23457
Conway,arkansas,20846
Craighead,arkansas,110332
Crawford,arkansas,63257
Crittenden,arkansas,47955
Cross,arkansas,16419
Dallas,arkansas,7009
Desha,arkansas,11361
Drew,arkansas,18219
Faulkner,arkansas,126007
Franklin,arkansas,17715
Fulton,arkansas,12477
Garland,arkansas,99386
Grant,arkansas,18265
Greene,arkansas,45325
Hempstead,arkansas,21532
Hot Spring,arkansas,33771
Howard,arkansas,13202
Independence,arkansas,37825
Izard,arkansas,13629
Jackson,arkansas,16719
Jefferson,arkansas,66824
Johnson,arkansas,26578
Lafayette,arkansas,6624
Lawrence,arkansas,16406
Lee,arkansas,8857
Lincoln,arkansas,13024
Little River,arkansas,12259
Logan,arkansas,21466
Lonoke,arkansas,73309
Madison,arkansas,16576
Marion,arkansas,16694
Miller,arkansas,43257
Mississippi,arkansas,40651
Monroe,arkansas,6701
Montgomery,arkansas,8986
Nevada,arkansas,8252
Newton,arkansas,7753
Ouachita,arkansas,23382
Perry,arkansas,10455
Phillips,arkansas,17782
Pike,arkansas,10718
Poinsett,arkansas,23528
Polk,arkansas,19964
Pope,arkansas,64072
Prairie,arkansas,8062
Pulaski,arkansas,391911
Randolph,arkansas,17958
St Francis,arkansas,24994
Saline,arkansas,122437
Scott,arkansas,10281
Searcy,arkansas,7881
Sebastian,arkansas,127827
Sevier,arkansas,17007
Sharp,arkansas,17442
Stone,arkansas,12506
Union,arkansas,38682
Van Buren,arkansas,16545
Washington,arkansas,239187
White,arkansas,78753
Woodruff,arkansas,6320
Yell,arkansas,21341
Alameda,california,1671329
Alpine,california,1129
Amador,california,39752
Butte,california,219186
Calaveras,california,45905
Colusa,california,21547
Contra Costa,california,1153526
Del Norte,california,27812
El Dorado,california,192843
Fresno,california,999101
Glenn,california,28393
Humboldt,california,135558
Imperial,california,181215
Inyo,california,18039
Kern,california,900202
Kings,california,152940
Lake,california,64386
Lassen,california,30573
Los Angeles,california,10039107
Madera,california,157327
Marin,california,258826
Mariposa,california,17203
Mendocino,california,86749
Merced,california,277680
Modoc,california,8841
Mono,california,14444
Monterey,california,434061
Napa,california,137744
Nevada,california,99755
Orange,california,3175692
Placer,california,398329
Plumas,california,18807
Riverside,california,2470546
Sacramento,california,1552058
San Benito,california,62808
San Bernardino,california,2180085
San Diego,california,3338330
San Francisco,california,881549
San Joaquin,california,762148
San Luis Obispo,california,283111
San Mateo,california,766573
Santa Barbara,california,446499
Santa Clara,california,1927852
Santa Cruz,california,273213
Shasta,california,180080
Sierra,california,3005
Siskiyou,california,43539
Solano,california,447643
Sonoma,california,494336
Stanislaus,california,550660
Sutter,california,96971
Tehama,california,65084
Trinity,california,12285
Tulare,california,466195
Tuolumne,california,54478
Ventura,california,846006
Yolo,california,220500
Yuba,california,78668
Adams,colorado,517421
Alamosa,colorado,16233
Arapahoe,colorado,656590
Archuleta,colorado,14029
Baca,colorado,3581
Bent,colorado,5577
Boulder,colorado,326196
Broomfield,colorado,70465
Chaffee,colorado,20356
Cheyenne,colorado,1831
Clear Creek,colorado,9700
Conejos,colorado,8205
Costilla,colorado,3887
Crowley,colorado,6061
Custer,colorado,5068
Delta,colorado,31162
Denver,colorado,727211
Dolores,colorado,2055
Douglas,colorado,351154
Eagle,colorado,55127
Elbert,colorado,26729
El Paso,colorado,720403
Fremont,colorado,47839
Garfield,colorado,60061
Gilpin,colorado,6243
Grand,colorado,15734
Gunnison,colorado,17462
Hinsdale,colorado,820
Huerfano,colorado,6897
Jackson,colorado,1392
Jefferson,colorado,582881
Kiowa,colorado,1406
Kit Carson,colorado,7097
Lake,colorado,8127
La Plata,colorado,56221
Larimer,colorado,356899
Las Animas,colorado,14506
Lincoln,colorado,5701
Logan,colorado,22409
Mesa,colorado,154210
Mineral,colorado,769
Moffat,colorado,13283
Montezuma,colorado,26183
Montrose,colorado,42758
Morgan,colorado,29068
Otero,colorado,18278
Ouray,colorado,4952
Park,colorado,18845
Phillips,colorado,4265
Pitkin,colorado,17767
Prowers,colorado,12172
Pueblo,colorado,168424
Rio Blanco,colorado,6324
Rio Grande,colorado,11267
Routt,colorado,25638
Saguache,colorado,6824
San Juan,colorado,728
San Miguel,colorado,8179
Sedgwick,colorado,2248
Summit,colorado,31011
Teller,colorado,25388
Washington,colorado,4908
Weld,colorado,324492
Yuma,colorado,10019
Fairfield,connecticut,943332
Hartford,connecticut,891720
Litchfield,connecticut,180333
Middlesex,connecticut,162436
New Haven,connecticut,854757
New London,connecticut,265206
Tolland,connecticut,150721
Windham,connecticut,116782
Kent,delaware,180786
New Castle,delaware,558753
Sussex,delaware,234225
"District of Columbia,",district of columbia,705749
Alachua,florida,269043
Baker,florida,29210
Bay,florida,174705
Bradford,florida,28201
Brevard,florida,601942
Broward,florida,1952778
Calhoun,florida,14105
Charlotte,florida,188910
Citrus,florida,149657
Clay,florida,219252
Collier,florida,384902
Columbia,florida,71686
DeSoto,florida,38001
Dixie,florida,16826
Duval,florida,957755
Escambia,florida,318316
Flagler,florida,115081
Franklin,florida,12125
Gadsden,florida,45660
Gilchrist,florida,18582
Glades,florida,13811
Gulf,florida,13639
Hamilton,florida,14428
Hardee,florida,26937
Hendry,florida,42022
Hernando,florida,193920
Highlands,florida,106221
Hillsborough,florida,1471968
Holmes,florida,19617
Indian River,florida,159923
Jackson,florida,46414
Jefferson,florida,14246
Lafayette,florida,8422
Lake,florida,367118
Lee,florida,770577
Leon,florida,293582
Levy,florida,41503
Liberty,florida,8354
Madison,florida,18493
Manatee,florida,403253
Marion,florida,365579
Martin,florida,161000
Miami-Dade,florida,2716940
Monroe,florida,74228
Nassau,florida,88625
Okaloosa,florida,210738
Okeechobee,florida,42168
Orange,florida,1393452
Osceola,florida,375751
Palm Beach,florida,1496770
Pasco,florida,553947
Pinellas,florida,974996
Polk,florida,724777
Putnam,florida,74521
St Johns,florida,264672
St Lucie,florida,328297
Santa Rosa,florida,184313
Sarasota,florida,433742
Seminole,florida,471826
Sumter,florida,132420
Suwannee,florida,44417
Taylor,florida,21569
Union,florida,15237
Volusia,florida,553284
Wakulla,florida,33739
Walton,florida,74071
Washington,florida,25473
Appling,georgia,18386
Atkinson,georgia,8165
Bacon,georgia,11164
Baker,georgia,3038
Baldwin,georgia,44890
Banks,georgia,19234
Barrow,georgia,83240
Bartow,georgia,107738
Ben Hill,georgia,16700
Berrien,georgia,19397
Bibb,georgia,153159
Bleckley,georgia,12873
Brantley,georgia,19109
Brooks,georgia,15457
Bryan,georgia,39627
Bulloch,georgia,79608
Burke,georgia,22383
Butts,georgia,24936
Calhoun,georgia,6189
Camden,georgia,54666
Candler,georgia,10803
Carroll,georgia,119992
Catoosa,georgia,67580
Charlton,georgia,13392
Chatham,georgia,289430
Chattahoochee,georgia,10907
Chattooga,georgia,24789
Cherokee,georgia,258773
Clarke,georgia,128331
Clay,georgia,2834
Clayton,georgia,292256
Clinch,georgia,6618
Cobb,georgia,760141
Coffee,georgia,43273
Colquitt,georgia,45600
Columbia,georgia,156714
Cook,georgia,17270
Coweta,georgia,148509
Crawford,georgia,12404
Crisp,georgia,22372
Dade,georgia,16116
Dawson,georgia,26108
Decatur,georgia,26404
DeKalb,georgia,759297
Dodge,georgia,20605
Dooly,georgia,13390
Dougherty,georgia,87956
Douglas,georgia,146343
Early,georgia,10190
Echols,georgia,4006
Effingham,georgia,64296
Elbert,georgia,19194
Emanuel,georgia,22646
Evans,georgia,10654
Fannin,georgia,26188
Fayette,georgia,114421
Floyd,georgia,98498
Forsyth,georgia,244252
Franklin,georgia,23349
Fulton,georgia,1063937
Gilmer,georgia,31369
Glascock,georgia,2971
Glynn,georgia,85292
Gordon,georgia,57963
Grady,georgia,24633
Greene,georgia,18324
Gwinnett,georgia,936250
Habersham,georgia,45328
Hall,georgia,204441
Hancock,georgia,8457
Haralson,georgia,29792
Harris,georgia,35236
Hart,georgia,26205
Heard,georgia,11923
Henry,georgia,234561
Houston,georgia,157863
Irwin,georgia,9416
Jackson,georgia,72977
Jasper,georgia,14219
Jeff Davis,georgia,15115
Jefferson,georgia,15362
Jenkins,georgia,8676
Johnson,georgia,9643
Jones,georgia,28735
Lamar,georgia,19077
Lanier,georgia,10423
Laurens,georgia,47546
Lee,georgia,29992
Liberty,georgia,61435
Lincoln,georgia,7921
Long,georgia,19559
Lowndes,georgia,117406
Lumpkin,georgia,33610
McDuffie,georgia,21312
McIntosh,georgia,14378
Macon,georgia,12947
Madison,georgia,29880
Marion,georgia,8359
Meriwether,georgia,21167
Miller,georgia,5718
Mitchell,georgia,21863
Monroe,georgia,27578
Montgomery,georgia,9172
Morgan,georgia,19276
Murray,georgia,40096
Muscogee,georgia,195769
Newton,georgia,111744
Oconee,georgia,40280
Oglethorpe,georgia,15259
Paulding,georgia,168667
Peach,georgia,27546
Pickens,georgia,32591
Pierce,georgia,19465
Pike,georgia,18962
Polk,georgia,42613
Pulaski,georgia,11137
Putnam,georgia,22119
Quitman,georgia,2299
Rabun,georgia,17137
Randolph,georgia,6778
Richmond,georgia,202518
Rockdale,georgia,90896
Schley,georgia,5257
Screven,georgia,13966
Seminole,georgia,8090
Spalding,georgia,66703
Stephens,georgia,25925
Stewart,georgia,6621
Sumter,georgia,29524
Talbot,georgia,6195
Taliaferro,georgia,1537
Tattnall,georgia,25286
Taylor,georgia,8020
Telfair,georgia,15860
Terrell,georgia,8531
Thomas,georgia,44451
Tift,georgia,40644
Toombs,georgia,26830
Towns,georgia,12037
Treutlen,georgia,6901
Troup,georgia,69922
Turner,georgia,7985
Twiggs,georgia,8120
Union,georgia,24511
Upson,georgia,26320
Walker,georgia,69761
Walton,georgia,94593
Ware,georgia,35734
Warren,georgia,5254
Washington,georgia,20374
Wayne,georgia,29927
Webster,georgia,2607
Wheeler,georgia,7855
White,georgia,30798
Whitfield,georgia,104628
Wilcox,georgia,8635
Wilkes,georgia,9777
Wilkinson,georgia,8954
Worth,georgia,20247
Hawaii,hawaii,201513
Honolulu,hawaii,974563
Kalawao,hawaii,86
Kauai,hawaii,72293
Maui,hawaii,167417
Ada,idaho,481587
Adams,idaho,4294
Bannock,idaho,87808
Bear Lake,idaho,6125
Benewah,idaho,9298
Bingham,idaho,46811
Blaine,idaho,23021
Boise,idaho,7831
Bonner,idaho,45739
Bonneville,idaho,119062
Boundary,idaho,12245
Butte,idaho,2597
Camas,idaho,1106
Canyon,idaho,229849
Caribou,idaho,7155
Cassia,idaho,24030
Clark,idaho,845
Clearwater,idaho,8756
Custer,idaho,4315
Elmore,idaho,27511
Franklin,idaho,13876
Fremont,idaho,13099
Gem,idaho,18112
Gooding,idaho,15179
Idaho,idaho,16667
Jefferson,idaho,29871
Jerome,idaho,24412
Kootenai,idaho,165697
Latah,idaho,40108
Lemhi,idaho,8027
Lewis,idaho,3838
Lincoln,idaho,5366
Madison,idaho,39907
Minidoka,idaho,21039
Nez Perce,idaho,40408
Oneida,idaho,4531
Owyhee,idaho,11823
Payette,idaho,23951
Power,idaho,7681
Shoshone,idaho,12882
Teton,idaho,12142
Twin Falls,idaho,86878
Valley,idaho,11392
Washington,idaho,10194
Adams,illinois,65435
Alexander,illinois,5761
Bond,illinois,16426
Boone,illinois,53544
Brown,illinois,6578
Bureau,illinois,32628
Calhoun,illinois,4739
Carroll,illinois,14305
Cass,illinois,12147
Champaign,illinois,209689
Christian,illinois,32304
Clark,illinois,15441
Clay,illinois,13184
Clinton,illinois,37562
Coles,illinois,50621
Cook,illinois,5150233
Crawford,illinois,18667
Cumberland,illinois,10766
DeKalb,illinois,104897
De Witt,illinois,15638
Douglas,illinois,19465
DuPage,illinois,922921
Edgar,illinois,17161
Edwards,illinois,6395
Effingham,illinois,34008
Fayette,illinois,21336
Ford,illinois,12961
Franklin,illinois,38469
Fulton,illinois,34340
Gallatin,illinois,4828
Greene,illinois,12969
Grundy,illinois,51054
Hamilton,illinois,8116
Hancock,illinois,17708
Hardin,illinois,3821
Henderson,illinois,6646
Henry,illinois,48913
Iroquois,illinois,27114
Jackson,illinois,56750
Jasper,illinois,9610
Jefferson,illinois,37684
Jersey,illinois,21773
Jo Daviess,illinois,21235
Johnson,illinois,12417
Kane,illinois,532403
Kankakee,illinois,109862
Kendall,illinois,128990
Knox,illinois,49699
Lake,illinois,696535
LaSalle,illinois,108669
Lawrence,illinois,15678
Lee,illinois,34096
Livingston,illinois,35648
Logan,illinois,28618
McDonough,illinois,29682
McHenry,illinois,307774
McLean,illinois,171517
Macon,illinois,104009
Macoupin,illinois,44926
Madison,illinois,262966
Marion,illinois,37205
Marshall,illinois,11438
Mason,illinois,13359
Massac,illinois,13772
Menard,illinois,12196
Mercer,illinois,15437
Monroe,illinois,34637
Montgomery,illinois,28414
Morgan,illinois,33658
Moultrie,illinois,14501
Ogle,illinois,50643
Peoria,illinois,179179
Perry,illinois,20916
Piatt,illinois,16344
Pike,illinois,15561
Pope,illinois,4177
Pulaski,illinois,5335
Putnam,illinois,5739
Randolph,illinois,31782
Richland,illinois,15513
Rock Island,illinois,141879
St Clair,illinois,259686
Saline,illinois,23491
Sangamon,illinois,194672
Schuyler,illinois,6768
Scott,illinois,4951
Shelby,illinois,21634
Stark,illinois,5342
Stephenson,illinois,44498
Tazewell,illinois,131803
Union,illinois,16653
Vermilion,illinois,75758
Wabash,illinois,11520
Warren,illinois,16844
Washington,illinois,13887
Wayne,illinois,16215
White,illinois,13537
Whiteside,illinois,55175
Will,illinois,690743
Williamson,illinois,66597
Winnebago,illinois,282572
Woodford,illinois,38459
Adams,indiana,35777
Allen,indiana,379299
Bartholomew,indiana,83779
Benton,indiana,8748
Blackford,indiana,11758
Boone,indiana,67843
Brown,indiana,15092
Carroll,indiana,20257
Cass,indiana,37689
Clark,indiana,118302
Clay,indiana,26225
Clinton,indiana,32399
Crawford,indiana,10577
Daviess,indiana,33351
Dearborn,indiana,49458
Decatur,indiana,26559
DeKalb,indiana,43475
Delaware,indiana,114135
Dubois,indiana,42736
Elkhart,indiana,206341
Fayette,indiana,23102
Floyd,indiana,78522
Fountain,indiana,16346
Franklin,indiana,22758
Fulton,indiana,19974
Gibson,indiana,33659
Grant,indiana,65769
Greene,indiana,31922
Hamilton,indiana,338011
Hancock,indiana,78168
Harrison,indiana,40515
Hendricks,indiana,170311
Henry,indiana,47972
Howard,indiana,82544
Huntington,indiana,36520
Jackson,indiana,44231
Jasper,indiana,33562
Jay,indiana,20436
Jefferson,indiana,32308
Jennings,indiana,27735
Johnson,indiana,158167
Knox,indiana,36594
Kosciusko,indiana,79456
LaGrange,indiana,39614
Lake,indiana,485493
LaPorte,indiana,109888
Lawrence,indiana,45370
Madison,indiana,129569
Marion,indiana,964582
Marshall,indiana,46258
Martin,indiana,10255
Miami,indiana,35516
Monroe,indiana,148431
Montgomery,indiana,38338
Morgan,indiana,70489
Newton,indiana,13984
Noble,indiana,47744
Ohio,indiana,5875
Orange,indiana,19646
Owen,indiana,20799
Parke,indiana,16937
Perry,indiana,19169
Pike,indiana,12389
Porter,indiana,170389
Posey,indiana,25427
Pulaski,indiana,12353
Putnam,indiana,37576
Randolph,indiana,24665
Ripley,indiana,28324
Rush,indiana,16581
St Joseph,indiana,271826
Scott,indiana,23873
Shelby,indiana,44729
Spencer,indiana,20277
Starke,indiana,22995
Steuben,indiana,34594
Sullivan,indiana,20669
Switzerland,indiana,10751
Tippecanoe,indiana,195732
Tipton,indiana,15148
Union,indiana,7054
Vanderburgh,indiana,181451
Vermillion,indiana,15498
Vigo,indiana,107038
Wabash,indiana,30996
Warren,indiana,8265
Warrick,indiana,62998
Washington,indiana,28036
Wayne,indiana,65884
Wells,indiana,28296
White,indiana,24102
Whitley,indiana,33964
Adair,iowa,7152
Adams,iowa,3602
Allamakee,iowa,13687
Appanoose,iowa,12426
Audubon,iowa,5496
Benton,iowa,25645
Black Hawk,iowa,131228
Boone,iowa,26234
Bremer,iowa,25062
Buchanan,iowa,21175
Buena Vista,iowa,19620
Butler,iowa,14439
Calhoun,iowa,9668
Carroll,iowa,20165
Cass,iowa,12836
Cedar,iowa,18627
Cerro Gordo,iowa,42450
Cherokee,iowa,11235
Chickasaw,iowa,11933
Clarke,iowa,9395
Clay,iowa,16016
Clayton,iowa,17549
Clinton,iowa,46429
Crawford,iowa,16820
Dallas,iowa,93453
Davis,iowa,9000
Decatur,iowa,7870
Delaware,iowa,17011
Des Moines,iowa,38967
Dickinson,iowa,17258
Dubuque,iowa,97311
Emmet,iowa,9208
Fayette,iowa,19650
Floyd,iowa,15642
Franklin,iowa,10070
Fremont,iowa,6960
Greene,iowa,8888
Grundy,iowa,12232
Guthrie,iowa,10689
Hamilton,iowa,14773
Hancock,iowa,10630
Hardin,iowa,16846
Harrison,iowa,14049
Henry,iowa,19954
Howard,iowa,9158
Humboldt,iowa,9558
Ida,iowa,6860
Iowa,iowa,16184
Jackson,iowa,19439
Jasper,iowa,37185
Jefferson,iowa,18295
Johnson,iowa,151140
Jones,iowa,20681
Keokuk,iowa,10246
Kossuth,iowa,14813
Lee,iowa,33657
Linn,iowa,226706
Louisa,iowa,11035
Lucas,iowa,8600
Lyon,iowa,11755
Madison,iowa,16338
Mahaska,iowa,22095
Marion,iowa,33253
Marshall,iowa,39369
Mills,iowa,15109
Mitchell,iowa,10586
Monona,iowa,8615
Monroe,iowa,7707
Montgomery,iowa,9917
Muscatine,iowa,42664
O'Brien,iowa,13753
Osceola,iowa,5958
Page,iowa,15107
Palo Alto,iowa,8886
Plymouth,iowa,25177
Pocahontas,iowa,6619
Polk,iowa,490161
Pottawattamie,iowa,93206
Poweshiek,iowa,18504
Ringgold,iowa,4894
Sac,iowa,9721
Scott,iowa,172943
Shelby,iowa,11454
Sioux,iowa,34855
Story,iowa,97117
Tama,iowa,16854
Taylor,iowa,6121
Union,iowa,12241
Van Buren,iowa,7044
Wapello,iowa,34969
Warren,iowa,51466
Washington,iowa,21965
Wayne,iowa,6441
Webster,iowa,35904
Winnebago,iowa,10354
Winneshiek,iowa,19991
Woodbury,iowa,103107
Worth,iowa,7381
Wright,iowa,12562
Allen,kansas,12369
Anderson,kansas,7858
Atchison,kansas,16073
Barber,kansas,4427
Barton,kansas,25779
Bourbon,kansas,14534
Brown,kansas,9564
Butler,kansas,66911
Chase,kansas,2648
Chautauqua,kansas,3250
Cherokee,kansas,19939
Cheyenne,kansas,2657
Clark,kansas,1994
Clay,kansas,8002
Cloud,kansas,8786
Coffey,kansas,8179
Comanche,kansas,1700
Cowley,kansas,34908
Crawford,kansas,38818
Decatur,kansas,2827
Dickinson,kansas,18466
Doniphan,kansas,7600
Douglas,kansas,122259
Edwards,kansas,2798
Elk,kansas,2530
Ellis,kansas,28553
Ellsworth,kansas,6102
Finney,kansas,36467
Ford,kansas,33619
Franklin,kansas,25544
Geary,kansas,31670
Gove,kansas,2636
Graham,kansas,2482
Grant,kansas,7150
Gray,kansas,5988
Greeley,kansas,1232
Greenwood,kansas,5982
Hamilton,kansas,2539
Harper,kansas,5436
Harvey,kansas,34429
Haskell,kansas,3968
Hodgeman,kansas,1794
Jackson,kansas,13171
Jefferson,kansas,19043
Jewell,kansas,2879
Johnson,kansas,602401
Kearny,kansas,3838
Kingman,kansas,7152
Kiowa,kansas,2475
Labette,kansas,19618
Lane,kansas,1535
Leavenworth,kansas,81758
Lincoln,kansas,2962
Linn,kansas,9703
Logan,kansas,2794
Lyon,kansas,33195
McPherson,kansas,28542
Marion,kansas,11884
Marshall,kansas,9707
Meade,kansas,4033
Miami,kansas,34237
Mitchell,kansas,5979
Montgomery,kansas,31829
Morris,kansas,5620
Morton,kansas,2587
Nemaha,kansas,10231
Neosho,kansas,16007
Ness,kansas,2750
Norton,kansas,5361
Osage,kansas,15949
Osborne,kansas,3421
Ottawa,kansas,5704
Pawnee,kansas,6414
Phillips,kansas,5234
Pottawatomie,kansas,24383
Pratt,kansas,9164
Rawlins,kansas,2530
Reno,kansas,61998
Republic,kansas,4636
Rice,kansas,9537
Riley,kansas,74232
Rooks,kansas,4920
Rush,kansas,3036
Russell,kansas,6856
Saline,kansas,54224
Scott,kansas,4823
Sedgwick,kansas,516042
Seward,kansas,21428
Shawnee,kansas,176875
Sheridan,kansas,2521
Sherman,kansas,5917
Smith,kansas,3583
Stafford,kansas,4156
Stanton,kansas,2006
Stevens,kansas,5485
Sumner,kansas,22836
Thomas,kansas,7777
Trego,kansas,2803
Wabaunsee,kansas,6931
Wallace,kansas,1518
Washington,kansas,5406
Wichita,kansas,2119
Wilson,kansas,8525
Woodson,kansas,3138
Wyandotte,kansas,165429
Adair,kentucky,19202
Allen,kentucky,21315
Anderson,kentucky,22747
Ballard,kentucky,7888
Barren,kentucky,44249
Bath,kentucky,12500
Bell,kentucky,26032
Boone,kentucky,133581
Bourbon,kentucky,19788
Boyd,kentucky,46718
Boyle,kentucky,30060
Bracken,kentucky,8303
Breathitt,kentucky,12630
Breckinridge,kentucky,20477
Bullitt,kentucky,81676
Butler,kentucky,12879
Caldwell,kentucky,12747
Calloway,kentucky,39001
Campbell,kentucky,93584
Carlisle,kentucky,4760
Carroll,kentucky,10631
Carter,kentucky,26797
Casey,kentucky,16159
Christian,kentucky,70461
Clark,kentucky,36263
Clay,kentucky,19901
Clinton,kentucky,10218
Crittenden,kentucky,8806
Cumberland,kentucky,6614
Daviess,kentucky,101511
Edmonson,kentucky,12150
Elliott,kentucky,7517
Estill,kentucky,14106
Fayette,kentucky,323152
Fleming,kentucky,14581
Floyd,kentucky,35589
Franklin,kentucky,50991
Fulton,kentucky,5969
Gallatin,kentucky,8869
Garrard,kentucky,17666
Grant,kentucky,25069
Graves,kentucky,37266
Grayson,kentucky,26427
Green,kentucky,10941
Greenup,kentucky,35098
Hancock,kentucky,8722
Hardin,kentucky,110958
Harlan,kentucky,26010
Harrison,kentucky,18886
Hart,kentucky,19035
Henderson,kentucky,45210
Henry,kentucky,16126
Hickman,kentucky,4380
Hopkins,kentucky,44686
Jackson,kentucky,13329
Jefferson,kentucky,766757
Jessamine,kentucky,54115
Johnson,kentucky,22188
Kenton,kentucky,166998
Knott,kentucky,14806
Knox,kentucky,31145
Larue,kentucky,14398
Laurel,kentucky,60813
Lawrence,kentucky,15317
Lee,kentucky,7403
Leslie,kentucky,9877
Letcher,kentucky,21553
Lewis,kentucky,13275
Lincoln,kentucky,24549
Livingston,kentucky,9194
Logan,kentucky,27102
Lyon,kentucky,8210
McCracken,kentucky,65418
McCreary,kentucky,17231
McLean,kentucky,9207
Madison,kentucky,92987
Magoffin,kentucky,12161
Marion,kentucky,19273
Marshall,kentucky,31100
Martin,kentucky,11195
Mason,kentucky,17070
Meade,kentucky,28572
Menifee,kentucky,6489
Mercer,kentucky,21933
Metcalfe,kentucky,10071
Monroe,kentucky,10650
Montgomery,kentucky,28157
Morgan,kentucky,13309
Muhlenberg,kentucky,30622
Nelson,kentucky,46233
Nicholas,kentucky,7269
Ohio,kentucky,23994
Oldham,kentucky,66799
Owen,kentucky,10901
Owsley,kentucky,4415
Pendleton,kentucky,14590
Perry,kentucky,25758
Pike,kentucky,57876
Powell,kentucky,12359
Pulaski,kentucky,64979
Robertson,kentucky,2108
Rockcastle,kentucky,16695
Rowan,kentucky,24460
Russell,kentucky,17923
Scott,kentucky,57004
Shelby,kentucky,49024
Simpson,kentucky,18572
Spencer,kentucky,19351
Taylor,kentucky,25769
Todd,kentucky,12294
Trigg,kentucky,14651
Trimble,kentucky,8471
Union,kentucky,14381
Warren,kentucky,132896
Washington,kentucky,12095
Wayne,kentucky,20333
Webster,kentucky,12942
Whitley,kentucky,36264
Wolfe,kentucky,7157
Woodford,kentucky,26734
"Acadia Parish,",louisiana,62045
"Allen Parish,",louisiana,25627
"Ascension Parish,",louisiana,126604
"Assumption Parish,",louisiana,21891
"Avoyelles Parish,",louisiana,40144
"Beauregard Parish,",louisiana,37497
"Bienville Parish,",louisiana,13241
"Bossier Parish,",louisiana,127039
"Caddo Parish,",louisiana,240204
"Calcasieu Parish,",louisiana,203436
"Caldwell Parish,",louisiana,9918
"Cameron Parish,",louisiana,6973
"Catahoula Parish,",louisiana,9494
"Claiborne Parish,",louisiana,15670
"Concordia Parish,",louisiana,19259
"De Soto Parish,",louisiana,27463
"East Baton Rouge Parish,",louisiana,440059
"East Carroll Parish,",louisiana,6861
"East Feliciana Parish,",louisiana,19135
"Evangeline Parish,",louisiana,33395
"Franklin Parish,",louisiana,20015
"Grant Parish,",louisiana,22389
"Iberia Parish,",louisiana,69830
"Iberville Parish,",louisiana,32511
"Jackson Parish,",louisiana,15744
"Jefferson Parish,",louisiana,432493
"Jefferson Davis Parish,",louisiana,31368
"Lafayette Parish,",louisiana,244390
"Lafourche Parish,",louisiana,97614
"LaSalle Parish,",louisiana,14892
"Lincoln Parish,",louisiana,46742
"Livingston Parish,",louisiana,140789
"Madison Parish,",louisiana,10951
"Morehouse Parish,",louisiana,24874
"Natchitoches Parish,",louisiana,38158
"Orleans Parish,",louisiana,390144
"Ouachita Parish,",louisiana,153279
"Plaquemines Parish,",louisiana,23197
"Pointe Coupee Parish,",louisiana,21730
"Rapides Parish,",louisiana,129648
"Red River Parish,",louisiana,8442
"Richland Parish,",louisiana,20122
"Sabine Parish,",louisiana,23884
"St Bernard Parish,",louisiana,47244
"St Charles Parish,",louisiana,53100
"St Helena Parish,",louisiana,10132
"St James Parish,",louisiana,21096
"St John the Baptist Parish,",louisiana,42837
"St Landry Parish,",louisiana,82124
"St Martin Parish,",louisiana,53431
"St Mary Parish,",louisiana,49348
"St Tammany Parish,",louisiana,260419
"Tangipahoa Parish,",louisiana,134758
"Tensas Parish,",louisiana,4334
"Terrebonne Parish,",louisiana,110461
"Union Parish,",louisiana,22108
"Vermilion Parish,",louisiana,59511
"Vernon Parish,",louisiana,47429
"Washington Parish,",louisiana,46194
"Webster Parish,",louisiana,38340
"West Baton Rouge Parish,",louisiana,26465
"West Carroll Parish,",louisiana,10830
"West Feliciana Parish,",louisiana,15568
"Winn Parish,",louisiana,13904
Androscoggin,maine,108277
Aroostook,maine,67055
Cumberland,maine,295003
Franklin,maine,30199
Hancock,maine,54987
Kennebec,maine,122302
Knox,maine,39772
Lincoln,maine,34634
Oxford,maine,57975
Penobscot,maine,152148
Piscataquis,maine,16785
Sagadahoc,maine,35856
Somerset,maine,50484
Waldo,maine,39715
Washington,maine,31379
York,maine,207641
Allegany,maryland,70416
Anne Arundel,maryland,579234
Baltimore,maryland,827370
Calvert,maryland,92525
Caroline,maryland,33406
Carroll,maryland,168447
Cecil,maryland,102855
Charles,maryland,163257
Dorchester,maryland,31929
Frederick,maryland,259547
Garrett,maryland,29014
Harford,maryland,255441
Howard,maryland,325690
Kent,maryland,19422
Montgomery,maryland,1050688
Prince George's,maryland,909327
Queen Anne's,maryland,50381
St Mary's,maryland,113510
Somerset,maryland,25616
Talbot,maryland,37181
Washington,maryland,151049
Wicomico,maryland,103609
Worcester,maryland,52276
"Baltimore city,",maryland,593490
Barnstable,massachusetts,212990
Berkshire,massachusetts,124944
Bristol,massachusetts,565217
Dukes,massachusetts,17332
Essex,massachusetts,789034
Franklin,massachusetts,70180
Hampden,massachusetts,466372
Hampshire,massachusetts,160830
Middlesex,massachusetts,1611699
Nantucket,massachusetts,11399
Norfolk,massachusetts,706775
Plymouth,massachusetts,521202
Suffolk,massachusetts,803907
Worcester,massachusetts,830622
Alcona,michigan,10405
Alger,michigan,9108
Allegan,michigan,118081
Alpena,michigan,28405
Antrim,michigan,23324
Arenac,michigan,14883
Baraga,michigan,8209
Barry,michigan,61550
Bay,michigan,103126
Benzie,michigan,17766
Berrien,michigan,153401
Branch,michigan,43517
Calhoun,michigan,134159
Cass,michigan,51787
Charlevoix,michigan,26143
Cheboygan,michigan,25276
Chippewa,michigan,37349
Clare,michigan,30950
Clinton,michigan,79595
Crawford,michigan,14029
Delta,michigan,35784
Dickinson,michigan,25239
Eaton,michigan,110268
Emmet,michigan,33415
Genesee,michigan,405813
Gladwin,michigan,25449
Gogebic,michigan,13975
Grand Traverse,michigan,93088
Gratiot,michigan,40711
Hillsdale,michigan,45605
Houghton,michigan,35684
Huron,michigan,30981
Ingham,michigan,292406
Ionia,michigan,64697
Iosco,michigan,25127
Iron,michigan,11066
Isabella,michigan,69872
Jackson,michigan,158510
Kalamazoo,michigan,265066
Kalkaska,michigan,18038
Kent,michigan,656955
Keweenaw,michigan,2116
Lake,michigan,11853
Lapeer,michigan,87607
Leelanau,michigan,21761
Lenawee,michigan,98451
Livingston,michigan,191995
Luce,michigan,6229
Mackinac,michigan,10799
Macomb,michigan,873972
Manistee,michigan,24558
Marquette,michigan,66699
Mason,michigan,29144
Mecosta,michigan,43453
Menominee,michigan,22780
Midland,michigan,83156
Missaukee,michigan,15118
Monroe,michigan,150500
Montcalm,michigan,63888
Montmorency,michigan,9328
Muskegon,michigan,173566
Newaygo,michigan,48980
Oakland,michigan,1257584
Oceana,michigan,26467
Ogemaw,michigan,20997
Ontonagon,michigan,5720
Osceola,michigan,23460
Oscoda,michigan,8241
Otsego,michigan,24668
Ottawa,michigan,291830
Presque Isle,michigan,12592
Roscommon,michigan,24019
Saginaw,michigan,190539
St Clair,michigan,159128
St Joseph,michigan,60964
Sanilac,michigan,41170
Schoolcraft,michigan,8094
Shiawassee,michigan,68122
Tuscola,michigan,52245
Van Buren,michigan,75677
Washtenaw,michigan,367601
Wayne,michigan,1749343
Wexford,michigan,33631
Aitkin,minnesota,15886
Anoka,minnesota,356921
Becker,minnesota,34423
Beltrami,minnesota,47188
Benton,minnesota,40889
Big Stone,minnesota,4991
Blue Earth,minnesota,67653
Brown,minnesota,25008
Carlton,minnesota,35871
Carver,minnesota,105089
Cass,minnesota,29779
Chippewa,minnesota,11800
Chisago,minnesota,56579
Clay,minnesota,64222
Clearwater,minnesota,8818
Cook,minnesota,5463
Cottonwood,minnesota,11196
Crow Wing,minnesota,65055
Dakota,minnesota,429021
Dodge,minnesota,20934
Douglas,minnesota,38141
Faribault,minnesota,13653
Fillmore,minnesota,21067
Freeborn,minnesota,30281
Goodhue,minnesota,46340
Grant,minnesota,5972
Hennepin,minnesota,1265843
Houston,minnesota,18600
Hubbard,minnesota,21491
Isanti,minnesota,40596
Itasca,minnesota,45130
Jackson,minnesota,9846
Kanabec,minnesota,16337
Kandiyohi,minnesota,43199
Kittson,minnesota,4298
Koochiching,minnesota,12229
Lac qui Parle,minnesota,6623
Lake,minnesota,10641
Lake of the Woods,minnesota,3740
Le Sueur,minnesota,28887
Lincoln,minnesota,5639
Lyon,minnesota,25474
McLeod,minnesota,35893
Mahnomen,minnesota,5527
Marshall,minnesota,9336
Martin,minnesota,19683
Meeker,minnesota,23222
Mille Lacs,minnesota,26277
Morrison,minnesota,33386
Mower,minnesota,40062
Murray,minnesota,8194
Nicollet,minnesota,34274
Nobles,minnesota,21629
Norman,minnesota,6375
Olmsted,minnesota,158293
Otter Tail,minnesota,58746
Pennington,minnesota,14119
Pine,minnesota,29579
Pipestone,minnesota,9126
Polk,minnesota,31364
Pope,minnesota,11249
Ramsey,minnesota,550321
Red Lake,minnesota,4055
Redwood,minnesota,15170
Renville,minnesota,14548
Rice,minnesota,66972
Rock,minnesota,9315
Roseau,minnesota,15165
St Louis,minnesota,199070
Scott,minnesota,149013
Sherburne,minnesota,97238
Sibley,minnesota,14865
Stearns,minnesota,161075
Steele,minnesota,36649
Stevens,minnesota,9805
Swift,minnesota,9266
Todd,minnesota,24664
Traverse,minnesota,3259
Wabasha,minnesota,21627
Wadena,minnesota,13682
Waseca,minnesota,18612
Washington,minnesota,262440
Watonwan,minnesota,10897
Wilkin,minnesota,6207
Winona,minnesota,50484
Wright,minnesota,138377
Yellow Medicine,minnesota,9709
Adams,mississippi,30693
Alcorn,mississippi,36953
Amite,mississippi,12297
Attala,mississippi,18174
Benton,mississippi,8259
Bolivar,mississippi,30628
Calhoun,mississippi,14361
Carroll,mississippi,9947
Chickasaw,mississippi,17103
Choctaw,mississippi,8210
Claiborne,mississippi,8988
Clarke,mississippi,15541
Clay,mississippi,19316
Coahoma,mississippi,22124
Copiah,mississippi,28065
Covington,mississippi,18636
DeSoto,mississippi,184945
Forrest,mississippi,74897
Franklin,mississippi,7713
George,mississippi,24500
Greene,mississippi,13586
Grenada,mississippi,20758
Hancock,mississippi,47632
Harrison,mississippi,208080
Hinds,mississippi,231840
Holmes,mississippi,17010
Humphreys,mississippi,8064
Issaquena,mississippi,1327
Itawamba,mississippi,23390
Jackson,mississippi,143617
Jasper,mississippi,16383
Jefferson,mississippi,6990
Jefferson Davis,mississippi,11128
Jones,mississippi,68098
Kemper,mississippi,9742
Lafayette,mississippi,54019
Lamar,mississippi,63343
Lauderdale,mississippi,74125
Lawrence,mississippi,12586
Leake,mississippi,22786
Lee,mississippi,85436
Leflore,mississippi,28183
Lincoln,mississippi,34153
Lowndes,mississippi,58595
Madison,mississippi,106272
Marion,mississippi,24573
Marshall,mississippi,35294
Monroe,mississippi,35252
Montgomery,mississippi,9775
Neshoba,mississippi,29118
Newton,mississippi,21018
Noxubee,mississippi,10417
Oktibbeha,mississippi,49587
Panola,mississippi,34192
Pearl River,mississippi,55535
Perry,mississippi,11973
Pike,mississippi,39288
Pontotoc,mississippi,32174
Prentiss,mississippi,25126
Quitman,mississippi,6792
Rankin,mississippi,155271
Scott,mississippi,28124
Sharkey,mississippi,4321
Simpson,mississippi,26658
Smith,mississippi,15916
Stone,mississippi,18336
Sunflower,mississippi,25110
Tallahatchie,mississippi,13809
Tate,mississippi,28321
Tippah,mississippi,22015
Tishomingo,mississippi,19383
Tunica,mississippi,9632
Union,mississippi,28815
Walthall,mississippi,14286
Warren,mississippi,45381
Washington,mississippi,43909
Wayne,mississippi,20183
Webster,mississippi,9689
Wilkinson,mississippi,8630
Winston,mississippi,17955
Yalobusha,mississippi,12108
Yazoo,mississippi,29690
Adair,missouri,25343
Andrew,missouri,17712
Atchison,missouri,5143
Audrain,missouri,25388
Barry,missouri,35789
Barton,missouri,11754
Bates,missouri,16172
Benton,missouri,19443
Bollinger,missouri,12133
Boone,missouri,180463
Buchanan,missouri,87364
Butler,missouri,42478
Caldwell,missouri,9020
Callaway,missouri,44743
Camden,missouri,46305
Cape Girardeau,missouri,78871
Carroll,missouri,8679
Carter,missouri,5982
Cass,missouri,105780
Cedar,missouri,14349
Chariton,missouri,7426
Christian,missouri,88595
Clark,missouri,6797
Clay,missouri,249948
Clinton,missouri,20387
Cole,missouri,76745
Cooper,missouri,17709
Crawford,missouri,23920
Dade,missouri,7561
Dallas,missouri,16878
Daviess,missouri,8278
DeKalb,missouri,12547
Dent,missouri,15573
Douglas,missouri,13185
Dunklin,missouri,29131
Franklin,missouri,103967
Gasconade,missouri,14706
Gentry,missouri,6571
Greene,missouri,293086
Grundy,missouri,9850
Harrison,missouri,8352
Henry,missouri,21824
Hickory,missouri,9544
Holt,missouri,4403
Howard,missouri,10001
Howell,missouri,40117
Iron,missouri,10125
Jackson,missouri,703011
Jasper,missouri,121328
Jefferson,missouri,225081
Johnson,missouri,54062
Knox,missouri,3959
Laclede,missouri,35723
Lafayette,missouri,32708
Lawrence,missouri,38355
Lewis,missouri,9776
Lincoln,missouri,59013
Linn,missouri,11920
Livingston,missouri,15227
McDonald,missouri,22837
Macon,missouri,15117
Madison,missouri,12088
Maries,missouri,8697
Marion,missouri,28530
Mercer,missouri,3617
Miller,missouri,25619
Mississippi,missouri,13180
Moniteau,missouri,16132
Monroe,missouri,8644
Montgomery,missouri,11551
Morgan,missouri,20627
New Madrid,missouri,17076
Newton,missouri,58236
Nodaway,missouri,22092
Oregon,missouri,10529
Osage,missouri,13615
Ozark,missouri,9174
Pemiscot,missouri,15805
Perry,missouri,19136
Pettis,missouri,42339
Phelps,missouri,44573
Pike,missouri,18302
Platte,missouri,104418
Polk,missouri,32149
Pulaski,missouri,52607
Putnam,missouri,4696
Ralls,missouri,10309
Randolph,missouri,24748
Ray,missouri,23018
Reynolds,missouri,6270
Ripley,missouri,13288
St Charles,missouri,402022
St Clair,missouri,9397
Ste Genevieve,missouri,17894
St Francois,missouri,67215
St Louis,missouri,994205
Saline,missouri,22761
Schuyler,missouri,4660
Scotland,missouri,4902
Scott,missouri,38280
Shannon,missouri,8166
Shelby,missouri,5930
Stoddard,missouri,29025
Stone,missouri,31952
Sullivan,missouri,6089
Taney,missouri,55928
Texas,missouri,25398
Vernon,missouri,20563
Warren,missouri,35649
Washington,missouri,24730
Wayne,missouri,12873
Webster,missouri,39592
Worth,missouri,2013
Wright,missouri,18289
"St Louis city,",missouri,300576
Beaverhead,montana,9453
Big Horn,montana,13319
Blaine,montana,6681
Broadwater,montana,6237
Carbon,montana,10725
Carter,montana,1252
Cascade,montana,81366
Chouteau,montana,5635
Custer,montana,11402
Daniels,montana,1690
Dawson,montana,8613
Deer Lodge,montana,9140
Fallon,montana,2846
Fergus,montana,11050
Flathead,montana,103806
Gallatin,montana,114434
Garfield,montana,1258
Glacier,montana,13753
Golden Valley,montana,821
Granite,montana,3379
Hill,montana,16484
Jefferson,montana,12221
Judith Basin,montana,2007
Lake,montana,30458
Lewis and Clark,montana,69432
Liberty,montana,2337
Lincoln,montana,19980
McCone,montana,1664
Madison,montana,8600
Meagher,montana,1862
Mineral,montana,4397
Missoula,montana,119600
Musselshell,montana,4633
Park,montana,16606
Petroleum,montana,487
Phillips,montana,3954
Pondera,montana,5911
Powder River,montana,1682
Powell,montana,6890
Prairie,montana,1077
Ravalli,montana,43806
Richland,montana,10803
Roosevelt,montana,11004
Rosebud,montana,8937
Sanders,montana,12113
Sheridan,montana,3309
Silver Bow,montana,34915
Stillwater,montana,9642
Sweet Grass,montana,3737
Teton,montana,6147
Toole,montana,4736
Treasure,montana,696
Valley,montana,7396
Wheatland,montana,2126
Wibaux,montana,969
Yellowstone,montana,161300
Adams,nebraska,31363
Antelope,nebraska,6298
Arthur,nebraska,463
Banner,nebraska,745
Blaine,nebraska,465
Boone,nebraska,5192
Box Butte,nebraska,10783
Boyd,nebraska,1919
Brown,nebraska,2955
Buffalo,nebraska,49659
Burt,nebraska,6459
Butler,nebraska,8016
Cass,nebraska,26248
Cedar,nebraska,8402
Chase,nebraska,3924
Cherry,nebraska,5689
Cheyenne,nebraska,8910
Clay,nebraska,6203
Colfax,nebraska,10709
Cuming,nebraska,8846
Custer,nebraska,10777
Dakota,nebraska,20026
Dawes,nebraska,8589
Dawson,nebraska,23595
Deuel,nebraska,1794
Dixon,nebraska,5636
Dodge,nebraska,36565
Douglas,nebraska,571327
Dundy,nebraska,1693
Fillmore,nebraska,5462
Franklin,nebraska,2979
Frontier,nebraska,2627
Furnas,nebraska,4676
Gage,nebraska,21513
Garden,nebraska,1837
Garfield,nebraska,1969
Gosper,nebraska,1990
Grant,nebraska,623
Greeley,nebraska,2356
Hall,nebraska,61353
Hamilton,nebraska,9324
Harlan,nebraska,3380
Hayes,nebraska,922
Hitchcock,nebraska,2762
Holt,nebraska,10067
Hooker,nebraska,682
Howard,nebraska,6445
Jefferson,nebraska,7046
Johnson,nebraska,5071
Kearney,nebraska,6495
Keith,nebraska,8034
Keya Paha,nebraska,806
Kimball,nebraska,3632
Knox,nebraska,8332
Lancaster,nebraska,319090
Lincoln,nebraska,34914
Logan,nebraska,748
Loup,nebraska,664
McPherson,nebraska,494
Madison,nebraska,35099
Merrick,nebraska,7755
Morrill,nebraska,4642
Nance,nebraska,3519
Nemaha,nebraska,6972
Nuckolls,nebraska,4148
Otoe,nebraska,16012
Pawnee,nebraska,2613
Perkins,nebraska,2891
Phelps,nebraska,9034
Pierce,nebraska,7148
Platte,nebraska,33470
Polk,nebraska,5213
Red Willow,nebraska,10724
Richardson,nebraska,7865
Rock,nebraska,1357
Saline,nebraska,14224
Sarpy,nebraska,187196
Saunders,nebraska,21578
Scotts Bluff,nebraska,35618
Seward,nebraska,17284
Sheridan,nebraska,5246
Sherman,nebraska,3001
Sioux,nebraska,1166
Stanton,nebraska,5920
Thayer,nebraska,5003
Thomas,nebraska,722
Thurston,nebraska,7224
Valley,nebraska,4158
Washington,nebraska,20729
Wayne,nebraska,9385
Webster,nebraska,3487
Wheeler,nebraska,783
York,nebraska,13679
Churchill,nevada,24909
Clark,nevada,2266715
Douglas,nevada,48905
Elko,nevada,52778
Esmeralda,nevada,873
Eureka,nevada,2029
Humboldt,nevada,16831
Lander,nevada,5532
Lincoln,nevada,5183
Lyon,nevada,57510
Mineral,nevada,4505
Nye,nevada,46523
Pershing,nevada,6725
Storey,nevada,4123
Washoe,nevada,471519
White Pine,nevada,9580
"Carson City,",nevada,55916
Belknap,new hampshire,61303
Carroll,new hampshire,48910
Cheshire,new hampshire,76085
Coos,new hampshire,31563
Grafton,new hampshire,89886
Hillsborough,new hampshire,417025
Merrimack,new hampshire,151391
Rockingham,new hampshire,309769
Strafford,new hampshire,130633
Sullivan,new hampshire,43146
Atlantic,new jersey,263670
Bergen,new jersey,932202
Burlington,new jersey,445349
Camden,new jersey,506471
Cape May,new jersey,92039
Cumberland,new jersey,149527
Essex,new jersey,798975
Gloucester,new jersey,291636
Hudson,new jersey,672391
Hunterdon,new jersey,124371
Mercer,new jersey,367430
Middlesex,new jersey,825062
Monmouth,new jersey,618795
Morris,new jersey,491845
Ocean,new jersey,607186
Passaic,new jersey,501826
Salem,new jersey,62385
Somerset,new jersey,328934
Sussex,new jersey,140488
Union,new jersey,556341
Warren,new jersey,105267
Bernalillo,new mexico,679121
Catron,new mexico,3527
Chaves,new mexico,64615
Cibola,new mexico,26675
Colfax,new mexico,11941
Curry,new mexico,48954
De Baca,new mexico,1748
Doña Ana,new mexico,218195
Eddy,new mexico,58460
Grant,new mexico,26998
Guadalupe,new mexico,4300
Harding,new mexico,625
Hidalgo,new mexico,4198
Lea,new mexico,71070
Lincoln,new mexico,19572
Los Alamos,new mexico,19369
Luna,new mexico,23709
McKinley,new mexico,71367
Mora,new mexico,4521
Otero,new mexico,67490
Quay,new mexico,8253
Rio Arriba,new mexico,38921
Roosevelt,new mexico,18500
Sandoval,new mexico,146748
San Juan,new mexico,123958
San Miguel,new mexico,27277
Santa Fe,new mexico,150358
Sierra,new mexico,10791
Socorro,new mexico,16637
Taos,new mexico,32723
Torrance,new mexico,15461
Union,new mexico,4059
Valencia,new mexico,76688
Albany,new york,305506
Allegany,new york,46091
Bronx,new york,1418207
Broome,new york,190488
Cattaraugus,new york,76117
Cayuga,new york,76576
Chautauqua,new york,126903
Chemung,new york,83456
Chenango,new york,47207
Clinton,new york,80485
Columbia,new york,59461
Cortland,new york,47581
Delaware,new york,44135
Dutchess,new york,294218
Erie,new york,918702
Essex,new york,36885
Franklin,new york,50022
Fulton,new york,53383
Genesee,new york,57280
Greene,new york,47188
Hamilton,new york,4416
Herkimer,new york,61319
Jefferson,new york,109834
Kings,new york,2559903
Lewis,new york,26296
Livingston,new york,62914
Madison,new york,70941
Monroe,new york,741770
Montgomery,new york,49221
Nassau,new york,1356924
New York,new york,1628706
Niagara,new york,209281
Oneida,new york,228671
Onondaga,new york,460528
Ontario,new york,109777
Orange,new york,384940
Orleans,new york,40352
Oswego,new york,117124
Otsego,new york,59493
Putnam,new york,98320
Queens,new york,2253858
Rensselaer,new york,158714
Richmond,new york,476143
Rockland,new york,325789
St Lawrence,new york,107740
Saratoga,new york,229863
Schenectady,new york,155299
Schoharie,new york,30999
Schuyler,new york,17807
Seneca,new york,34016
Steuben,new york,95379
Suffolk,new york,1476601
Sullivan,new york,75432
Tioga,new york,48203
Tompkins,new york,102180
Ulster,new york,177573
Warren,new york,63944
Washington,new york,61204
Wayne,new york,89918
Westchester,new york,967506
Wyoming,new york,39859
Yates,new york,24913
Alamance,north carolina,169509
Alexander,north carolina,37497
Alleghany,north carolina,11137
Anson,north carolina,24446
Ashe,north carolina,27203
Avery,north carolina,17557
Beaufort,north carolina,46994
Bertie,north carolina,18947
Bladen,north carolina,32722
Brunswick,north carolina,142820
Buncombe,north carolina,261191
Burke,north carolina,90485
Cabarrus,north carolina,216453
Caldwell,north carolina,82178
Camden,north carolina,10867
Carteret,north carolina,69473
Caswell,north carolina,22604
Catawba,north carolina,159551
Chatham,north carolina,74470
Cherokee,north carolina,28612
Chowan,north carolina,13943
Clay,north carolina,11231
Cleveland,north carolina,97947
Columbus,north carolina,55508
Craven,north carolina,102139
Cumberland,north carolina,335509
Currituck,north carolina,27763
Dare,north carolina,37009
Davidson,north carolina,167609
Davie,north carolina,42846
Duplin,north carolina,58741
Durham,north carolina,321488
Edgecombe,north carolina,51472
Forsyth,north carolina,382295
Franklin,north carolina,69685
Gaston,north carolina,224529
Gates,north carolina,11562
Graham,north carolina,8441
Granville,north carolina,60443
Greene,north carolina,21069
Guilford,north carolina,537174
Halifax,north carolina,50010
Harnett,north carolina,135976
Haywood,north carolina,62317
Henderson,north carolina,117417
Hertford,north carolina,23677
Hoke,north carolina,55234
Hyde,north carolina,4937
Iredell,north carolina,181806
Jackson,north carolina,43938
Johnston,north carolina,209339
Jones,north carolina,9419
Lee,north carolina,61779
Lenoir,north carolina,55949
Lincoln,north carolina,86111
McDowell,north carolina,45756
Macon,north carolina,35858
Madison,north carolina,21755
Martin,north carolina,22440
Mecklenburg,north carolina,1110356
Mitchell,north carolina,14964
Montgomery,north carolina,27173
Moore,north carolina,100880
Nash,north carolina,94298
New Hanover,north carolina,234473
Northampton,north carolina,19483
Onslow,north carolina,197938
Orange,north carolina,148476
Pamlico,north carolina,12726
Pasquotank,north carolina,39824
Pender,north carolina,63060
Perquimans,north carolina,13463
Person,north carolina,39490
Pitt,north carolina,180742
Polk,north carolina,20724
Randolph,north carolina,143667
Richmond,north carolina,44829
Robeson,north carolina,130625
Rockingham,north carolina,91010
Rowan,north carolina,142088
Rutherford,north carolina,67029
Sampson,north carolina,63531
Scotland,north carolina,34823
Stanly,north carolina,62806
Stokes,north carolina,45591
Surry,north carolina,71783
Swain,north carolina,14271
Transylvania,north carolina,34385
Tyrrell,north carolina,4016
Union,north carolina,239859
Vance,north carolina,44535
Wake,north carolina,1111761
Warren,north carolina,19731
Washington,north carolina,11580
Watauga,north carolina,56177
Wayne,north carolina,123131
Wilkes,north carolina,68412
Wilson,north carolina,81801
Yadkin,north carolina,37667
Yancey,north carolina,18069
Adams,north dakota,2216
Barnes,north dakota,10415
Benson,north dakota,6832
Billings,north dakota,928
Bottineau,north dakota,6282
Bowman,north dakota,3024
Burke,north dakota,2115
Burleigh,north dakota,95626
Cass,north dakota,181923
Cavalier,north dakota,3762
Dickey,north dakota,4872
Divide,north dakota,2264
Dunn,north dakota,4424
Eddy,north dakota,2287
Emmons,north dakota,3241
Foster,north dakota,3210
Golden Valley,north dakota,1761
Grand Forks,north dakota,69451
Grant,north dakota,2274
Griggs,north dakota,2231
Hettinger,north dakota,2499
Kidder,north dakota,2480
LaMoure,north dakota,4046
Logan,north dakota,1850
McHenry,north dakota,5745
McIntosh,north dakota,2497
McKenzie,north dakota,15024
McLean,north dakota,9450
Mercer,north dakota,8187
Morton,north dakota,31364
Mountrail,north dakota,10545
Nelson,north dakota,2879
Oliver,north dakota,1959
Pembina,north dakota,6801
Pierce,north dakota,3975
Ramsey,north dakota,11519
Ransom,north dakota,5218
Renville,north dakota,2327
Richland,north dakota,16177
Rolette,north dakota,14176
Sargent,north dakota,3898
Sheridan,north dakota,1315
Sioux,north dakota,4230
Slope,north dakota,750
Stark,north dakota,31489
Steele,north dakota,1890
Stutsman,north dakota,20704
Towner,north dakota,2189
Traill,north dakota,8036
Walsh,north dakota,10641
Ward,north dakota,67641
Wells,north dakota,3834
Williams,north dakota,37589
Adams,ohio,27698
Allen,ohio,102351
Ashland,ohio,53484
Ashtabula,ohio,97241
Athens,ohio,65327
Auglaize,ohio,45656
Belmont,ohio,67006
Brown,ohio,43432
Butler,ohio,383134
Carroll,ohio,26914
Champaign,ohio,38885
Clark,ohio,134083
Clermont,ohio,206428
Clinton,ohio,41968
Columbiana,ohio,101883
Coshocton,ohio,36600
Crawford,ohio,41494
Cuyahoga,ohio,1235072
Darke,ohio,51113
Defiance,ohio,38087
Delaware,ohio,209177
Erie,ohio,74266
Fairfield,ohio,157574
Fayette,ohio,28525
Franklin,ohio,1316756
Fulton,ohio,42126
Gallia,ohio,29898
Geauga,ohio,93649
Greene,ohio,168937
Guernsey,ohio,38875
Hamilton,ohio,817473
Hancock,ohio,75783
Hardin,ohio,31365
Harrison,ohio,15040
Henry,ohio,27006
Highland,ohio,43161
Hocking,ohio,28264
Holmes,ohio,43960
Huron,ohio,58266
Jackson,ohio,32413
Jefferson,ohio,65325
Knox,ohio,62322
Lake,ohio,230149
Lawrence,ohio,59463
Licking,ohio,176862
Logan,ohio,45672
Lorain,ohio,309833
Lucas,ohio,428348
Madison,ohio,44731
Mahoning,ohio,228683
Marion,ohio,65093
Medina,ohio,179746
Meigs,ohio,22907
Mercer,ohio,41172
Miami,ohio,106987
Monroe,ohio,13654
Montgomery,ohio,531687
Morgan,ohio,14508
Morrow,ohio,35328
Muskingum,ohio,86215
Noble,ohio,14424
Ottawa,ohio,40525
Paulding,ohio,18672
Perry,ohio,36134
Pickaway,ohio,58457
Pike,ohio,27772
Portage,ohio,162466
Preble,ohio,40882
Putnam,ohio,33861
Richland,ohio,121154
Ross,ohio,76666
Sandusky,ohio,58518
Scioto,ohio,75314
Seneca,ohio,55178
Shelby,ohio,48590
Stark,ohio,370606
Summit,ohio,541013
Trumbull,ohio,197974
Tuscarawas,ohio,91987
Union,ohio,58988
Van Wert,ohio,28275
Vinton,ohio,13085
Warren,ohio,234602
Washington,ohio,59911
Wayne,ohio,115710
Williams,ohio,36692
Wood,ohio,130817
Wyandot,ohio,21772
Adair,oklahoma,22194
Alfalfa,oklahoma,5702
Atoka,oklahoma,13758
Beaver,oklahoma,5311
Beckham,oklahoma,21859
Blaine,oklahoma,9429
Bryan,oklahoma,47995
Caddo,oklahoma,28762
Canadian,oklahoma,148306
Carter,oklahoma,48111
Cherokee,oklahoma,48657
Choctaw,oklahoma,14672
Cimarron,oklahoma,2137
Cleveland,oklahoma,284014
Coal,oklahoma,5495
Comanche,oklahoma,120749
Cotton,oklahoma,5666
Craig,oklahoma,14142
Creek,oklahoma,71522
Custer,oklahoma,29003
Delaware,oklahoma,43009
Dewey,oklahoma,4891
Ellis,oklahoma,3859
Garfield,oklahoma,61056
Garvin,oklahoma,27711
Grady,oklahoma,55834
Grant,oklahoma,4333
Greer,oklahoma,5712
Harmon,oklahoma,2653
Harper,oklahoma,3688
Haskell,oklahoma,12627
Hughes,oklahoma,13279
Jackson,oklahoma,24530
Jefferson,oklahoma,6002
Johnston,oklahoma,11085
Kay,oklahoma,43538
Kingfisher,oklahoma,15765
Kiowa,oklahoma,8708
Latimer,oklahoma,10073
Le Flore,oklahoma,49853
Lincoln,oklahoma,34877
Logan,oklahoma,48011
Love,oklahoma,10253
McClain,oklahoma,40474
McCurtain,oklahoma,32832
McIntosh,oklahoma,19596
Major,oklahoma,7629
Marshall,oklahoma,16931
Mayes,oklahoma,41100
Murray,oklahoma,14073
Muskogee,oklahoma,67997
Noble,oklahoma,11131
Nowata,oklahoma,10076
Okfuskee,oklahoma,11993
Oklahoma,oklahoma,797434
Okmulgee,oklahoma,38465
Osage,oklahoma,46963
Ottawa,oklahoma,31127
Pawnee,oklahoma,16376
Payne,oklahoma,81784
Pittsburg,oklahoma,43654
Pontotoc,oklahoma,38284
Pottawatomie,oklahoma,72592
Pushmataha,oklahoma,11096
Roger Mills,oklahoma,3583
Rogers,oklahoma,92459
Seminole,oklahoma,24258
Sequoyah,oklahoma,41569
Stephens,oklahoma,43143
Texas,oklahoma,19983
Tillman,oklahoma,7250
Tulsa,oklahoma,651552
Wagoner,oklahoma,81289
Washington,oklahoma,51527
Washita,oklahoma,10916
Woods,oklahoma,8793
Woodward,oklahoma,20211
Baker,oregon,16124
Benton,oregon,93053
Clackamas,oregon,418187
Clatsop,oregon,40224
Columbia,oregon,52354
Coos,oregon,64487
Crook,oregon,24404
Curry,oregon,22925
Deschutes,oregon,197692
Douglas,oregon,110980
Gilliam,oregon,1912
Grant,oregon,7199
Harney,oregon,7393
Hood River,oregon,23382
Jackson,oregon,220944
Jefferson,oregon,24658
Josephine,oregon,87487
Klamath,oregon,68238
Lake,oregon,7869
Lane,oregon,382067
Lincoln,oregon,49962
Linn,oregon,129749
Malheur,oregon,30571
Marion,oregon,347818
Morrow,oregon,11603
Multnomah,oregon,812855
Polk,oregon,86085
Sherman,oregon,1780
Tillamook,oregon,27036
Umatilla,oregon,77950
Union,oregon,26835
Wallowa,oregon,7208
Wasco,oregon,26682
Washington,oregon,601592
Wheeler,oregon,1332
Yamhill,oregon,107100
Adams,pennsylvania,103009
Allegheny,pennsylvania,1216045
Armstrong,pennsylvania,64735
Beaver,pennsylvania,163929
Bedford,pennsylvania,47888
Berks,pennsylvania,421164
Blair,pennsylvania,121829
Bradford,pennsylvania,60323
Bucks,pennsylvania,628270
Butler,pennsylvania,187853
Cambria,pennsylvania,130192
Cameron,pennsylvania,4447
Carbon,pennsylvania,64182
Centre,pennsylvania,162385
Chester,pennsylvania,524989
Clarion,pennsylvania,38438
Clearfield,pennsylvania,79255
Clinton,pennsylvania,38632
Columbia,pennsylvania,64964
Crawford,pennsylvania,84629
Cumberland,pennsylvania,253370
Dauphin,pennsylvania,278299
Delaware,pennsylvania,566747
Elk,pennsylvania,29910
Erie,pennsylvania,269728
Fayette,pennsylvania,129274
Forest,pennsylvania,7247
Franklin,pennsylvania,155027
Fulton,pennsylvania,14530
Greene,pennsylvania,36233
Huntingdon,pennsylvania,45144
Indiana,pennsylvania,84073
Jefferson,pennsylvania,43425
Juniata,pennsylvania,24763
Lackawanna,pennsylvania,209674
Lancaster,pennsylvania,545724
Lawrence,pennsylvania,85512
Lebanon,pennsylvania,141793
Lehigh,pennsylvania,369318
Luzerne,pennsylvania,317417
Lycoming,pennsylvania,113299
McKean,pennsylvania,40625
Mercer,pennsylvania,109424
Mifflin,pennsylvania,46138
Monroe,pennsylvania,170271
Montgomery,pennsylvania,830915
Montour,pennsylvania,18230
Northampton,pennsylvania,305285
Northumberland,pennsylvania,90843
Perry,pennsylvania,46272
Philadelphia,pennsylvania,1584064
Pike,pennsylvania,55809
Potter,pennsylvania,16526
Schuylkill,pennsylvania,141359
Snyder,pennsylvania,40372
Somerset,pennsylvania,73447
Sullivan,pennsylvania,6066
Susquehanna,pennsylvania,40328
Tioga,pennsylvania,40591
Union,pennsylvania,44923
Venango,pennsylvania,50668
Warren,pennsylvania,39191
Washington,pennsylvania,206865
Wayne,pennsylvania,51361
Westmoreland,pennsylvania,348899
Wyoming,pennsylvania,26794
York,pennsylvania,449058
Bristol,rhode island,48479
Kent,rhode island,164292
Newport,rhode island,82082
Providence,rhode island,638931
Washington,rhode island,125577
Abbeville,south carolina,24527
Aiken,south carolina,170872
Allendale,south carolina,8688
Anderson,south carolina,202558
Bamberg,south carolina,14066
Barnwell,south carolina,20866
Beaufort,south carolina,192122
Berkeley,south carolina,227907
Calhoun,south carolina,14553
Charleston,south carolina,411406
Cherokee,south carolina,57300
Chester,south carolina,32244
Chesterfield,south carolina,45650
Clarendon,south carolina,33745
Colleton,south carolina,37677
Darlington,south carolina,66618
Dillon,south carolina,30479
Dorchester,south carolina,162809
Edgefield,south carolina,27260
Fairfield,south carolina,22347
Florence,south carolina,138293
Georgetown,south carolina,62680
Greenville,south carolina,523542
Greenwood,south carolina,70811
Hampton,south carolina,19222
Horry,south carolina,354081
Jasper,south carolina,30073
Kershaw,south carolina,66551
Lancaster,south carolina,98012
Laurens,south carolina,67493
Lee,south carolina,16828
Lexington,south carolina,298750
McCormick,south carolina,9463
Marion,south carolina,30657
Marlboro,south carolina,26118
Newberry,south carolina,38440
Oconee,south carolina,79546
Orangeburg,south carolina,86175
Pickens,south carolina,126884
Richland,south carolina,415759
Saluda,south carolina,20473
Spartanburg,south carolina,319785
Sumter,south carolina,106721
Union,south carolina,27316
Williamsburg,south carolina,30368
York,south carolina,280979
Aurora,south dakota,2751
Beadle,south dakota,18453
Bennett,south dakota,3365
Bon Homme,south dakota,6901
Brookings,south dakota,35077
Brown,south dakota,38839
Brule,south dakota,5297
Buffalo,south dakota,1962
Butte,south dakota,10429
Campbell,south dakota,1376
Charles Mix,south dakota,9292
Clark,south dakota,3736
Clay,south dakota,14070
Codington,south dakota,28009
Corson,south dakota,4086
Custer,south dakota,8972
Davison,south dakota,19775
Day,south dakota,5424
Deuel,south dakota,4351
Dewey,south dakota,5892
Douglas,south dakota,2921
Edmunds,south dakota,3829
Fall River,south dakota,6713
Faulk,south dakota,2299
Grant,south dakota,7052
Gregory,south dakota,4185
Haakon,south dakota,1899
Hamlin,south dakota,6164
Hand,south dakota,3191
Hanson,south dakota,3453
Harding,south dakota,1298
Hughes,south dakota,17526
Hutchinson,south dakota,7291
Hyde,south dakota,1301
Jackson,south dakota,3344
Jerauld,south dakota,2013
Jones,south dakota,903
Kingsbury,south dakota,4939
Lake,south dakota,12797
Lawrence,south dakota,25844
Lincoln,south dakota,61128
Lyman,south dakota,3781
McCook,south dakota,5586
McPherson,south dakota,2379
Marshall,south dakota,4935
Meade,south dakota,28332
Mellette,south dakota,2061
Miner,south dakota,2216
Minnehaha,south dakota,193134
Moody,south dakota,6576
Oglala Lakota,south dakota,14177
Pennington,south dakota,113775
Perkins,south dakota,2865
Potter,south dakota,2153
Roberts,south dakota,10394
Sanborn,south dakota,2344
Spink,south dakota,6376
Stanley,south dakota,3098
Sully,south dakota,1391
Todd,south dakota,10177
Tripp,south dakota,5441
Turner,south dakota,8384
Union,south dakota,15932
Walworth,south dakota,5435
Yankton,south dakota,22814
Ziebach,south dakota,2756
Anderson,tennessee,76978
Bedford,tennessee,49713
Benton,tennessee,16160
Bledsoe,tennessee,15064
Blount,tennessee,133088
Bradley,tennessee,108110
Campbell,tennessee,39842
Cannon,tennessee,14678
Carroll,tennessee,27767
Carter,tennessee,56391
Cheatham,tennessee,40667
Chester,tennessee,17297
Claiborne,tennessee,31959
Clay,tennessee,7615
Cocke,tennessee,36004
Coffee,tennessee,56520
Crockett,tennessee,14230
Cumberland,tennessee,60520
Davidson,tennessee,694144
Decatur,tennessee,11663
DeKalb,tennessee,20490
Dickson,tennessee,53948
Dyer,tennessee,37159
Fayette,tennessee,41133
Fentress,tennessee,18523
Franklin,tennessee,42208
Gibson,tennessee,49133
Giles,tennessee,29464
Grainger,tennessee,23320
Greene,tennessee,69069
Grundy,tennessee,13427
Hamblen,tennessee,64934
Hamilton,tennessee,367804
Hancock,tennessee,6620
Hardeman,tennessee,25050
Hardin,tennessee,25652
Hawkins,tennessee,56786
Haywood,tennessee,17304
Henderson,tennessee,28117
Henry,tennessee,32345
Hickman,tennessee,25178
Houston,tennessee,8201
Humphreys,tennessee,18582
Jackson,tennessee,11786
Jefferson,tennessee,54495
Johnson,tennessee,17788
Knox,tennessee,470313
Lake,tennessee,7016
Lauderdale,tennessee,25633
Lawrence,tennessee,44142
Lewis,tennessee,12268
Lincoln,tennessee,34366
Loudon,tennessee,54068
McMinn,tennessee,53794
McNairy,tennessee,25694
Macon,tennessee,24602
Madison,tennessee,97984
Marion,tennessee,28907
Marshall,tennessee,34375
Maury,tennessee,96387
Meigs,tennessee,12422
Monroe,tennessee,46545
Montgomery,tennessee,208993
Moore,tennessee,6488
Morgan,tennessee,21403
Obion,tennessee,30069
Overton,tennessee,22241
Perry,tennessee,8076
Pickett,tennessee,5048
Polk,tennessee,16832
Putnam,tennessee,80245
Rhea,tennessee,33167
Roane,tennessee,53382
Robertson,tennessee,71813
Rutherford,tennessee,332285
Scott,tennessee,22068
Sequatchie,tennessee,15026
Sevier,tennessee,98250
Shelby,tennessee,937166
Smith,tennessee,20157
Stewart,tennessee,13715
Sullivan,tennessee,158348
Sumner,tennessee,191283
Tipton,tennessee,61599
Trousdale,tennessee,11284
Unicoi,tennessee,17883
Union,tennessee,19972
Van Buren,tennessee,5872
Warren,tennessee,41277
Washington,tennessee,129375
Wayne,tennessee,16673
Weakley,tennessee,33328
White,tennessee,27345
Williamson,tennessee,238412
Wilson,tennessee,144657
Anderson,texas,57735
Andrews,texas,18705
Angelina,texas,86715
Aransas,texas,23510
Archer,texas,8553
Armstrong,texas,1887
Atascosa,texas,51153
Austin,texas,30032
Bailey,texas,7000
Bandera,texas,23112
Bastrop,texas,88723
Baylor,texas,3509
Bee,texas,32565
Bell,texas,362924
Bexar,texas,2003554
Blanco,texas,11931
Borden,texas,654
Bosque,texas,18685
Bowie,texas,93245
Brazoria,texas,374264
Brazos,texas,229211
Brewster,texas,9203
Briscoe,texas,1546
Brooks,texas,7093
Brown,texas,37864
Burleson,texas,18443
Burnet,texas,48155
Caldwell,texas,43664
Calhoun,texas,21290
Callahan,texas,13943
Cameron,texas,423163
Camp,texas,13094
Carson,texas,5926
Cass,texas,30026
Castro,texas,7530
Chambers,texas,43837
Cherokee,texas,52646
Childress,texas,7306
Clay,texas,10471
Cochran,texas,2853
Coke,texas,3387
Coleman,texas,8175
Collin,texas,1034730
Collingsworth,texas,2920
Colorado,texas,21493
Comal,texas,156209
Comanche,texas,13635
Concho,texas,2726
Cooke,texas,41257
Coryell,texas,75951
Cottle,texas,1398
Crane,texas,4797
Crockett,texas,3464
Crosby,texas,5737
Culberson,texas,2171
Dallam,texas,7287
Dallas,texas,2635516
Dawson,texas,12728
Deaf Smith,texas,18546
Delta,texas,5331
Denton,texas,887207
DeWitt,texas,20160
Dickens,texas,2211
Dimmit,texas,10124
Donley,texas,3278
Duval,texas,11157
Eastland,texas,18360
Ector,texas,166223
Edwards,texas,1932
Ellis,texas,184826
El Paso,texas,839238
Erath,texas,42698
Falls,texas,17297
Fannin,texas,35514
Fayette,texas,25346
Fisher,texas,3830
Floyd,texas,5712
Foard,texas,1155
Fort Bend,texas,811688
Franklin,texas,10725
Freestone,texas,19717
Frio,texas,20306
Gaines,texas,21492
Galveston,texas,342139
Garza,texas,6229
Gillespie,texas,26988
Glasscock,texas,1409
Goliad,texas,7658
Gonzales,texas,20837
Gray,texas,21886
Grayson,texas,136212
Gregg,texas,123945
Grimes,texas,28880
Guadalupe,texas,166847
Hale,texas,33406
Hall,texas,2964
Hamilton,texas,8461
Hansford,texas,5399
Hardeman,texas,3933
Hardin,texas,57602
Harris,texas,4713325
Harrison,texas,66553
Hartley,texas,5576
Haskell,texas,5658
Hays,texas,230191
Hemphill,texas,3819
Henderson,texas,82737
Hidalgo,texas,868707
Hill,texas,36649
Hockley,texas,23021
Hood,texas,61643
Hopkins,texas,37084
Houston,texas,22968
Howard,texas,36664
Hudspeth,texas,4886
Hunt,texas,98594
Hutchinson,texas,20938
Irion,texas,1536
Jack,texas,8935
Jackson,texas,14760
Jasper,texas,35529
Jeff Davis,texas,2274
Jefferson,texas,251565
Jim Hogg,texas,5200
Jim Wells,texas,40482
Johnson,texas,175817
Jones,texas,20083
Karnes,texas,15601
Kaufman,texas,136154
Kendall,texas,47431
Kenedy,texas,404
Kent,texas,762
Kerr,texas,52600
Kimble,texas,4337
King,texas,272
Kinney,texas,3667
Kleberg,texas,30680
Knox,texas,3664
Lamar,texas,49859
Lamb,texas,12893
Lampasas,texas,21428
La Salle,texas,7520
Lavaca,texas,20154
Lee,texas,17239
Leon,texas,17404
Liberty,texas,88219
Limestone,texas,23437
Lipscomb,texas,3233
Live Oak,texas,12207
Llano,texas,21795
Loving,texas,169
Lubbock,texas,310569
Lynn,texas,5951
McCulloch,texas,7984
McLennan,texas,256623
McMullen,texas,743
Madison,texas,14284
Marion,texas,9854
Martin,texas,5771
Mason,texas,4274
Matagorda,texas,36643
Maverick,texas,58722
Medina,texas,51584
Menard,texas,2138
Midland,texas,176832
Milam,texas,24823
Mills,texas,4873
Mitchell,texas,8545
Montague,texas,19818
Montgomery,texas,607391
Moore,texas,20940
Morris,texas,12388
Motley,texas,1200
Nacogdoches,texas,65204
Navarro,texas,50113
Newton,texas,13595
Nolan,texas,14714
Nueces,texas,362294
Ochiltree,texas,9836
Oldham,texas,2112
Orange,texas,83396
Palo Pinto,texas,29189
Panola,texas,23194
Parker,texas,142878
Parmer,texas,9605
Pecos,texas,15823
Polk,texas,51353
Potter,texas,117415
Presidio,texas,6704
Rains,texas,12514
Randall,texas,137713
Reagan,texas,3849
Real,texas,3452
Red River,texas,12023
Reeves,texas,15976
Refugio,texas,6948
Roberts,texas,854
Robertson,texas,17074
Rockwall,texas,104915
Runnels,texas,10264
Rusk,texas,54406
Sabine,texas,10542
San Augustine,texas,8237
San Jacinto,texas,28859
San Patricio,texas,66730
San Saba,texas,6055
Schleicher,texas,2793
Scurry,texas,16703
Shackelford,texas,3265
Shelby,texas,25274
Sherman,texas,3022
Smith,texas,232751
Somervell,texas,9128
Starr,texas,64633
Stephens,texas,9366
Sterling,texas,1291
Stonewall,texas,1350
Sutton,texas,3776
Swisher,texas,7397
Tarrant,texas,2102515
Taylor,texas,138034
Terrell,texas,776
Terry,texas,12337
Throckmorton,texas,1501
Titus,texas,32750
Tom Green,texas,119200
Travis,texas,1273954
Trinity,texas,14651
Tyler,texas,21672
Upshur,texas,41753
Upton,texas,3657
Uvalde,texas,26741
Val Verde,texas,49025
Van Zandt,texas,56590
Victoria,texas,92084
Walker,texas,72971
Waller,texas,55246
Ward,texas,11998
Washington,texas,35882
Webb,texas,276652
Wharton,texas,41556
Wheeler,texas,5056
Wichita,texas,132230
Wilbarger,texas,12769
Willacy,texas,21358
Williamson,texas,590551
Wilson,texas,51070
Winkler,texas,8010
Wise,texas,69984
Wood,texas,45539
Yoakum,texas,8713
Young,texas,18010
Zapata,texas,14179
Zavala,texas,11840
Beaver,utah,6710
Box Elder,utah,56046
Cache,utah,128289
Carbon,utah,20463
Daggett,utah,950
Davis,utah,355481
Duchesne,utah,19938
Emery,utah,10012
Garfield,utah,5051
Grand,utah,9754
Iron,utah,54839
Juab,utah,12017
Kane,utah,7886
Millard,utah,13188
Morgan,utah,12124
Piute,utah,1479
Rich,utah,2483
Salt Lake,utah,1160437
San Juan,utah,15308
Sanpete,utah,30939
Sevier,utah,21620
Summit,utah,42145
Tooele,utah,72259
Uintah,utah,35734
Utah,utah,636235
Wasatch,utah,34091
Washington,utah,177556
Wayne,utah,2711
Weber,utah,260213
Addison,vermont,36777
Bennington,vermont,35470
Caledonia,vermont,29993
Chittenden,vermont,163774
Essex,vermont,6163
Franklin,vermont,49402
Grand Isle,vermont,7235
Lamoille,vermont,25362
Orange,vermont,28892
Orleans,vermont,27037
Rutland,vermont,58191
Washington,vermont,58409
Windham,vermont,42222
Windsor,vermont,55062
Accomack,virginia,32316
Albemarle,virginia,109330
Alleghany,virginia,14860
Amelia,virginia,13145
Amherst,virginia,31605
Appomattox,virginia,15911
Arlington,virginia,236842
Augusta,virginia,75558
Bath,virginia,4147
Bedford,virginia,78997
Bland,virginia,6280
Botetourt,virginia,33419
Brunswick,virginia,16231
Buchanan,virginia,21004
Buckingham,virginia,17148
Campbell,virginia,54885
Caroline,virginia,30725
Carroll,virginia,29791
Charles City,virginia,6963
Charlotte,virginia,11880
Chesterfield,virginia,352802
Clarke,virginia,14619
Craig,virginia,5131
Culpeper,virginia,52605
Cumberland,virginia,9932
Dickenson,virginia,14318
Dinwiddie,virginia,28544
Essex,virginia,10953
Fairfax,virginia,1147532
Fauquier,virginia,71222
Floyd,virginia,15749
Fluvanna,virginia,27270
Franklin,virginia,56042
Frederick,virginia,89313
Giles,virginia,16720
Gloucester,virginia,37348
Goochland,virginia,23753
Grayson,virginia,15550
Greene,virginia,19819
Greensville,virginia,11336
Halifax,virginia,33911
Hanover,virginia,107766
Henrico,virginia,330818
Henry,virginia,50557
Highland,virginia,2190
Isle of Wight,virginia,37109
James City,virginia,76523
King and Queen,virginia,7025
King George,virginia,26836
King William,virginia,17148
Lancaster,virginia,10603
Lee,virginia,23423
Loudoun,virginia,413538
Louisa,virginia,37591
Lunenburg,virginia,12196
Madison,virginia,13261
Mathews,virginia,8834
Mecklenburg,virginia,30587
Middlesex,virginia,10582
Montgomery,virginia,98535
Nelson,virginia,14930
New Kent,virginia,23091
Northampton,virginia,11710
Northumberland,virginia,12095
Nottoway,virginia,15232
Orange,virginia,37051
Page,virginia,23902
Patrick,virginia,17608
Pittsylvania,virginia,60354
Powhatan,virginia,29652
Prince Edward,virginia,22802
Prince George,virginia,38353
Prince William,virginia,470335
Pulaski,virginia,34027
Rappahannock,virginia,7370
Richmond,virginia,9023
Roanoke,virginia,94186
Rockbridge,virginia,22573
Rockingham,virginia,81948
Russell,virginia,26586
Scott,virginia,21566
Shenandoah,virginia,43616
Smyth,virginia,30104
Southampton,virginia,17631
Spotsylvania,virginia,136215
Stafford,virginia,152882
Surry,virginia,6422
Sussex,virginia,11159
Tazewell,virginia,40595
Warren,virginia,40164
Washington,virginia,53740
Westmoreland,virginia,18015
Wise,virginia,37383
Wythe,virginia,28684
York,virginia,68280
"Alexandria city,",virginia,159428
"Bristol city,",virginia,16762
"Buena Vista city,",virginia,6478
"Charlottesville city,",virginia,47266
"Chesapeake city,",virginia,244835
"Colonial Heights city,",virginia,17370
"Covington city,",virginia,5538
"Danville city,",virginia,40044
"Emporia city,",virginia,5346
"Fairfax city,",virginia,24019
"Falls Church city,",virginia,14617
"Franklin city,",virginia,7967
"Fredericksburg city,",virginia,29036
"Galax city,",virginia,6347
"Hampton city,",virginia,134510
"Harrisonburg city,",virginia,53016
"Hopewell city,",virginia,22529
"Lexington city,",virginia,7446
"Lynchburg city,",virginia,82168
"Manassas city,",virginia,41085
"Manassas Park city,",virginia,17478
"Martinsville city,",virginia,12554
"Newport News city,",virginia,179225
"Norfolk city,",virginia,242742
"Norton city,",virginia,3981
"Petersburg city,",virginia,31346
"Poquoson city,",virginia,12271
"Portsmouth city,",virginia,94398
"Radford city,",virginia,18249
"Richmond city,",virginia,230436
"Roanoke city,",virginia,99143
"Salem city,",virginia,25301
"Staunton city,",virginia,24932
"Suffolk city,",virginia,92108
"Virginia Beach city,",virginia,449974
"Waynesboro city,",virginia,22630
"Williamsburg city,",virginia,14954
"Winchester city,",virginia,28078
Adams,washington,19983
Asotin,washington,22582
Benton,washington,204390
Chelan,washington,77200
Clallam,washington,77331
Clark,washington,488241
Columbia,washington,3985
Cowlitz,washington,110593
Douglas,washington,43429
Ferry,washington,7627
Franklin,washington,95222
Garfield,washington,2225
Grant,washington,97733
Grays Harbor,washington,75061
Island,washington,85141
Jefferson,washington,32221
King,washington,2252782
Kitsap,washington,271473
Kittitas,washington,47935
Klickitat,washington,22425
Lewis,washington,80707
Lincoln,washington,10939
Mason,washington,66768
Okanogan,washington,42243
Pacific,washington,22471
Pend Oreille,washington,13724
Pierce,washington,904980
San Juan,washington,17582
Skagit,washington,129205
Skamania,washington,12083
Snohomish,washington,822083
Spokane,washington,522798
Stevens,washington,45723
Thurston,washington,290536
Wahkiakum,washington,4488
Walla Walla,washington,60760
Whatcom,washington,229247
Whitman,washington,50104
Yakima,washington,250873
Barbour,west virginia,16441
Berkeley,west virginia,119171
Boone,west virginia,21457
Braxton,west virginia,13957
Brooke,west virginia,21939
Cabell,west virginia,91945
Calhoun,west virginia,7109
Clay,west virginia,8508
Doddridge,west virginia,8448
Fayette,west virginia,42406
Gilmer,west virginia,7823
Grant,west virginia,11568
Greenbrier,west virginia,34662
Hampshire,west virginia,23175
Hancock,west virginia,28810
Hardy,west virginia,13776
Harrison,west virginia,67256
Jackson,west virginia,28576
Jefferson,west virginia,57146
Kanawha,west virginia,178124
Lewis,west virginia,15907
Lincoln,west virginia,20409
Logan,west virginia,32019
McDowell,west virginia,17624
Marion,west virginia,56072
Marshall,west virginia,30531
Mason,west virginia,26516
Mercer,west virginia,58758
Mineral,west virginia,26868
Mingo,west virginia,23424
Monongalia,west virginia,105612
Monroe,west virginia,13275
Morgan,west virginia,17884
Nicholas,west virginia,24496
Ohio,west virginia,41411
Pendleton,west virginia,6969
Pleasants,west virginia,7460
Pocahontas,west virginia,8247
Preston,west virginia,33432
Putnam,west virginia,56450
Raleigh,west virginia,73361
Randolph,west virginia,28695
Ritchie,west virginia,9554
Roane,west virginia,13688
Summers,west virginia,12573
Taylor,west virginia,16695
Tucker,west virginia,6839
Tyler,west virginia,8591
Upshur,west virginia,24176
Wayne,west virginia,39402
Webster,west virginia,8114
Wetzel,west virginia,15065
Wirt,west virginia,5821
Wood,west virginia,83518
Wyoming,west virginia,20394
Adams,wisconsin,20220
Ashland,wisconsin,15562
Barron,wisconsin,45244
Bayfield,wisconsin,15036
Brown,wisconsin,264542
Buffalo,wisconsin,13031
Burnett,wisconsin,15414
Calumet,wisconsin,50089
Chippewa,wisconsin,64658
Clark,wisconsin,34774
Columbia,wisconsin,57532
Crawford,wisconsin,16131
Dane,wisconsin,546695
Dodge,wisconsin,87839
Door,wisconsin,27668
Douglas,wisconsin,43150
Dunn,wisconsin,45368
Eau Claire,wisconsin,104646
Florence,wisconsin,4295
Fond du Lac,wisconsin,103403
Forest,wisconsin,9004
Grant,wisconsin,51439
Green,wisconsin,36960
Green Lake,wisconsin,18913
Iowa,wisconsin,23678
Iron,wisconsin,5687
Jackson,wisconsin,20643
Jefferson,wisconsin,84769
Juneau,wisconsin,26687
Kenosha,wisconsin,169561
Kewaunee,wisconsin,20434
La Crosse,wisconsin,118016
Lafayette,wisconsin,16665
Langlade,wisconsin,19189
Lincoln,wisconsin,27593
Manitowoc,wisconsin,78981
Marathon,wisconsin,135692
Marinette,wisconsin,40350
Marquette,wisconsin,15574
Menominee,wisconsin,4556
Milwaukee,wisconsin,945726
Monroe,wisconsin,46253
Oconto,wisconsin,37930
Oneida,wisconsin,35595
Outagamie,wisconsin,187885
Ozaukee,wisconsin,89221
Pepin,wisconsin,7287
Pierce,wisconsin,42754
Polk,wisconsin,43783
Portage,wisconsin,70772
Price,wisconsin,13351
Racine,wisconsin,196311
Richland,wisconsin,17252
Rock,wisconsin,163354
Rusk,wisconsin,14178
St Croix,wisconsin,90687
Sauk,wisconsin,64442
Sawyer,wisconsin,16558
Shawano,wisconsin,40899
Sheboygan,wisconsin,115340
Taylor,wisconsin,20343
Trempealeau,wisconsin,29649
Vernon,wisconsin,30822
Vilas,wisconsin,22195
Walworth,wisconsin,103868
Washburn,wisconsin,15720
Washington,wisconsin,136034
Waukesha,wisconsin,404198
Waupaca,wisconsin,50990
Waushara,wisconsin,24443
Winnebago,wisconsin,171907
Wood,wisconsin,72999
Albany,wyoming,38880
Big Horn,wyoming,11790
Campbell,wyoming,46341
Carbon,wyoming,14800
Converse,wyoming,13822
Crook,wyoming,7584
Fremont,wyoming,39261
Goshen,wyoming,13211
Hot Springs,wyoming,4413
Johnson,wyoming,8445
Laramie,wyoming,99500
Lincoln,wyoming,19830
Natrona,wyoming,79858
Niobrara,wyoming,2356
Park,wyoming,29194
Platte,wyoming,8393
Sheridan,wyoming,30485
Sublette,wyoming,9831
Sweetwater,wyoming,42343
Teton,wyoming,23464
Uinta,wyoming,20226
Washakie,wyoming,7805
Weston,wyoming,6927
